{"cameraMode":{"drawMode":0,"name":"Shaded","section":"Shading Mode"},"sceneLighting":true,"audioPlay":false,"sceneViewState":{"showFog":true,"showMaterialUpdate":false,"showSkybox":true,"showFlares":true,"showImageEffects":true,"showParticleSystems":true},"in2DMode":false,"pivot":{"x":-118.48587036132813,"y":447.07147216796877,"z":352.3294982910156},"rotation":{"x":-0.06152527779340744,"y":0.8244970440864563,"z":-0.5550371408462524,"w":-0.09139520674943924},"size":1010.711669921875,"orthographic":false}